1,Viet Anh,Tran,vanh@gmail.com,012345,0,1,1
2,Duc,Bui,duc@gmail.com,023456,1,1,1
3,Kien,Pham,kien@gmail.com,034567,1,1,1
4,Bang,Huynh,bang@gmail.com,045678,0,2,1
5,Toan,Vo,toan@gmail.com,056789,0,2,1
6,An,Tran,an@gmail.com,067891,1,2,1
7,Khuong,Tran,khuong@gmail.com,078912,1,2,1
8,Tung,Diep,Tung@gmail.com,089123,1,3,1
9,Truc,Phan,truc@gmail.com,091234,1,3,1